game_id,date_time,game_end,team,q1,q2,q3,q4,total,category,total (bins)
1023,25/09/2022 16:10:00,FT,Pirates,,,,,16,HOME,14.28571429
1026,17/09/2022 16:05:00,FT,ZetechUniversity,,,,,34,HOME,28.57142857
1028,10/09/2022 16:05:00,FT,Umoja,,,,,31,HOME,28.57142857
1034,28/08/2022 16:15:00,FT,EquityBank,,,,,69,HOME,64.28571429
1057,26/06/2022 09:15:00,FT,BaobabBlazers,,,,,69,HOME,64.28571429
1061,19/06/2022 09:00:00,FT,BaobabBlazers,,,,,0,HOME,0
1088,05/12/2021 15:05:00,FT,BaobabBlazers,,,,,48,HOME,42.85714286
1094,27/11/2021 13:55:00,FT,Jkuat,,,,,0,HOME,0
1117,23/10/2021 14:00:00,FT,Terror,,,,,40,HOME,35.71428571
1124,18/09/2021 13:10:00,FT,Umoja,,,,,0,HOME,0
1125,21/03/2021 16:05:00,FT,KCA-U,,,,,63,HOME,57.14285714
1126,21/03/2021 14:00:00,FT,Umoja,,,,,80,HOME,78.57142857
1127,14/03/2021 17:10:00,FT,NairobiCityThunder,,,,,69,HOME,64.28571429
1128,14/03/2021 15:25:00,FT,Blades,,,,,66,HOME,64.28571429
1130,13/03/2021 15:00:00,FT,Blades,,,,,62,HOME,57.14285714
1131,07/03/2021 16:05:00,FT,Blades,,,,,73,HOME,71.42857143
1132,07/03/2021 14:15:00,FT,Umoja,,,,,74,HOME,71.42857143
1133,06/03/2021 16:15:00,FT,Ulinzi,,,,,67,HOME,64.28571429
1134,06/03/2021 14:15:00,FT,Terror,,,,,44,HOME,42.85714286
1135,06/03/2021 12:15:00,FT,NairobiCityThunder,,,,,69,HOME,64.28571429
1136,12/10/2019 16:35:00,FT,Emyba,,,,,35,HOME,28.57142857
1137,12/10/2019 14:55:00,FT,EquityBank,,,,,58,HOME,57.14285714
1138,12/10/2019 11:20:00,FT,Blades,,,,,83,HOME,78.57142857
1139,28/09/2019 16:42:00,FT,Thunder,,,,,82,HOME,78.57142857
1140,28/09/2019 14:50:00,FT,KCA-U,,,,,51,HOME,50
1141,01/09/2019 17:06:00,FT,Emyba,,,,,65,HOME,64.28571429
1142,18/08/2019 14:30:00,FT,WorldHope,,,,,59,HOME,57.14285714
1143,17/08/2019 15:15:00,FT,Blades,,,,,48,HOME,42.85714286
1144,17/08/2019 13:15:00,FT,KCA-U,,,,,47,HOME,42.85714286
1145,10/08/2019 17:30:00,FT,Thunder,,,,,70,HOME,64.28571429
1146,04/08/2019 16:15:00,FT,Umoja,,,,,70,HOME,64.28571429
1147,03/08/2019 17:00:00,FT,Ulinzi,,,,,75,HOME,71.42857143
1148,03/08/2019 15:15:00,FT,EquityBank,,,,,100,HOME,92.85714286
1149,21/07/2019 16:00:00,FT,Umoja,,,,,54,HOME,50
1150,21/07/2019 14:30:00,FT,Ulinzi,,,,,57,HOME,50
1151,20/07/2019 17:15:00,FT,Umoja,,,,,42,HOME,35.71428571
1152,20/07/2019 14:30:00,FT,Emyba,,,,,71,HOME,64.28571429
1153,14/07/2019 16:00:00,FT,Blades,,,,,56,HOME,50
1154,14/07/2019 14:30:00,FT,KCA-U,,,,,63,HOME,57.14285714
1155,13/07/2019 18:00:00,FT,Emyba,,,,,74,HOME,71.42857143
1156,07/07/2019 16:00:00,FT,Blades,,,,,79,HOME,78.57142857
1157,07/07/2019 14:30:00,FT,Emyba,,,,,68,HOME,64.28571429
1158,06/07/2019 16:00:00,FT,Thunder,,,,,72,HOME,71.42857143
1159,06/07/2019 14:30:00,FT,Ulinzi,,,,,74,HOME,71.42857143
1160,06/07/2019 13:30:00,FT,Umoja,,,,,67,HOME,64.28571429
1161,30/06/2019 17:45:00,FT,Blades,,,,,66,HOME,64.28571429
1162,29/06/2019 16:00:00,FT,Blades,,,,,72,HOME,71.42857143
1163,29/06/2019 15:15:00,FT,WorldHope,,,,,52,HOME,50
1164,29/06/2019 15:00:00,FT,WorldHope,,,,,8,HOME,7.142857143
1165,23/06/2019 17:00:00,FT,Thunder,,,,,61,HOME,57.14285714
1166,22/06/2019 16:45:00,FT,Ulinzi,,,,,73,HOME,71.42857143
1167,22/06/2019 14:45:00,FT,Blades,,,,,71,HOME,64.28571429
1168,08/06/2019 16:00:00,FT,EquityBank,,,,,79,HOME,78.57142857
1169,02/06/2019 16:45:00,FT,IRTanger,,,,,69,HOME,64.28571429
1170,26/05/2019 15:45:00,FT,USIU,,,,,58,HOME,57.14285714
1023,25/09/2022 16:10:00,FT,ZetechUniversity,,,,,17,AWAY,14.28571429
1026,17/09/2022 16:05:00,FT,NairobiCityThunder,,,,,50,AWAY,50
1028,10/09/2022 16:05:00,FT,Ulinzi,,,,,49,AWAY,42.85714286
1034,28/08/2022 16:15:00,FT,Ulinzi,,,,,59,AWAY,57.14285714
1057,26/06/2022 09:15:00,FT,Neosasa,,,,,50,AWAY,50
1061,19/06/2022 09:00:00,FT,CoastalKings,,,,,0,AWAY,0
1088,05/12/2021 15:05:00,FT,Nebulas,,,,,58,AWAY,57.14285714
1094,27/11/2021 13:55:00,FT,Renegades,,,,,0,AWAY,0
1117,23/10/2021 14:00:00,FT,KPA,,,,,66,AWAY,64.28571429
1124,18/09/2021 13:10:00,FT,Terror,,,,,0,AWAY,0
1125,21/03/2021 16:05:00,FT,Pirates,,,,,81,AWAY,78.57142857
1126,21/03/2021 14:00:00,FT,Emyba,,,,,61,AWAY,57.14285714
1127,14/03/2021 17:10:00,FT,PiratasdeQuebradillas,,,,,59,AWAY,57.14285714
1128,14/03/2021 15:25:00,FT,Ulinzi,,,,,72,AWAY,71.42857143
1130,13/03/2021 15:00:00,FT,Umoja,,,,,40,AWAY,35.71428571
1131,07/03/2021 16:05:00,FT,KCA-U,,,,,66,AWAY,64.28571429
1132,07/03/2021 14:15:00,FT,NairobiCityThunder,,,,,80,AWAY,78.57142857
1133,06/03/2021 16:15:00,FT,Umoja,,,,,49,AWAY,42.85714286
1134,06/03/2021 14:15:00,FT,Emyba,,,,,62,AWAY,57.14285714
1135,06/03/2021 12:15:00,FT,Lakeside,,,,,52,AWAY,50
1136,12/10/2019 16:35:00,FT,USIU,,,,,34,AWAY,28.57142857
1137,12/10/2019 14:55:00,FT,KCA-U,,,,,47,AWAY,42.85714286
1138,12/10/2019 11:20:00,FT,WorldHope,,,,,56,AWAY,50
1139,28/09/2019 16:42:00,FT,KPA,,,,,68,AWAY,64.28571429
1140,28/09/2019 14:50:00,FT,Blades,,,,,63,AWAY,57.14285714
1141,01/09/2019 17:06:00,FT,Thunder,,,,,89,AWAY,85.71428571
1142,18/08/2019 14:30:00,FT,Eldonets,,,,,75,AWAY,71.42857143
1143,17/08/2019 15:15:00,FT,Thunder,,,,,56,AWAY,50
1144,17/08/2019 13:15:00,FT,Eldonets,,,,,50,AWAY,50
1145,10/08/2019 17:30:00,FT,Umoja,,,,,41,AWAY,35.71428571
1146,04/08/2019 16:15:00,FT,KPA,,,,,83,AWAY,78.57142857
1147,03/08/2019 17:00:00,FT,KPA,,,,,75,AWAY,71.42857143
1148,03/08/2019 15:15:00,FT,WorldHope,,,,,63,AWAY,57.14285714
1149,21/07/2019 16:00:00,FT,Emyba,,,,,57,AWAY,50
1150,21/07/2019 14:30:00,FT,KCA-U,,,,,42,AWAY,35.71428571
1151,20/07/2019 17:15:00,FT,KCA-U,,,,,47,AWAY,42.85714286
1152,20/07/2019 14:30:00,FT,WorldHope,,,,,59,AWAY,57.14285714
1153,14/07/2019 16:00:00,FT,USIU,,,,,37,AWAY,35.71428571
1154,14/07/2019 14:30:00,FT,KPA,,,,,68,AWAY,64.28571429
1155,13/07/2019 18:00:00,FT,KPA,,,,,81,AWAY,78.57142857
1156,07/07/2019 16:00:00,FT,Eldonets,,,,,63,AWAY,57.14285714
1157,07/07/2019 14:30:00,FT,KCA-U,,,,,61,AWAY,57.14285714
1158,06/07/2019 16:00:00,FT,EquityBank,,,,,70,AWAY,64.28571429
1159,06/07/2019 14:30:00,FT,Blades,,,,,68,AWAY,64.28571429
1160,06/07/2019 13:30:00,FT,Eldonets,,,,,55,AWAY,50
1161,30/06/2019 17:45:00,FT,Umoja,,,,,58,AWAY,57.14285714
1162,29/06/2019 16:00:00,FT,Emyba,,,,,66,AWAY,64.28571429
1163,29/06/2019 15:15:00,FT,Umoja,,,,,72,AWAY,71.42857143
1164,29/06/2019 15:00:00,FT,Umoja,,,,,4,AWAY,0
1165,23/06/2019 17:00:00,FT,KCA-U,,,,,56,AWAY,50
1166,22/06/2019 16:45:00,FT,Emyba,,,,,48,AWAY,42.85714286
1167,22/06/2019 14:45:00,FT,EquityBank,,,,,79,AWAY,78.57142857
1168,08/06/2019 16:00:00,FT,USIU,,,,,66,AWAY,64.28571429
1169,02/06/2019 16:45:00,FT,USIU,,,,,49,AWAY,42.85714286
1170,26/05/2019 15:45:00,FT,Emyba,,,,,75,AWAY,71.42857143
1012,13/11/2022 16:00:00,OT,ANU,11,22,11,17,64,HOME,57.14285714
1039,24/07/2022 16:55:00,OT,Ulinzi,9,9,21,17,68,HOME,64.28571429
1059,25/06/2022 14:15:00,OT,EquityBank,14,9,13,19,61,HOME,57.14285714
1070,13/02/2022 16:20:00,OT,Ulinzi,7,19,24,29,94,HOME,92.85714286
1119,10/10/2021 16:45:00,OT,Terror,17,13,19,12,69,HOME,64.28571429
1012,13/11/2022 16:00:00,OT,NairobiCityThunder,13,14,6,28,74,AWAY,71.42857143
1039,24/07/2022 16:55:00,OT,Blades,7,19,21,9,64,AWAY,57.14285714
1059,25/06/2022 14:15:00,OT,NairobiCityThunder,17,12,21,5,64,AWAY,57.14285714
1070,13/02/2022 16:20:00,OT,Blades,19,21,21,18,86,AWAY,85.71428571
1119,10/10/2021 16:45:00,OT,KCA-U,18,12,17,14,67,AWAY,64.28571429
1000,05/03/2023 16:45:00,FT,Blades,8,15,15,15,53,HOME,50
1001,12/02/2023 17:30:00,FT,ZetechUniversity,13,18,8,14,53,HOME,50
1002,05/02/2023 17:35:00,FT,EquityBank,22,15,30,23,90,HOME,85.71428571
1003,05/02/2023 15:30:00,FT,Blades,13,10,15,21,59,HOME,57.14285714
1004,29/01/2023 16:30:00,FT,ZetechUniversity,12,2,10,8,32,HOME,28.57142857
1005,22/01/2023 16:10:00,FT,Blades,17,12,18,8,55,HOME,50
1006,21/01/2023 16:00:00,FT,Blades,8,14,9,16,47,HOME,42.85714286
1007,11/12/2022 16:40:00,FT,NairobiCityThunder,8,13,19,15,55,HOME,50
1008,11/12/2022 14:40:00,FT,Umoja,17,14,10,19,60,HOME,57.14285714
1009,27/11/2022 17:00:00,FT,ZetechUniversity,14,13,12,20,59,HOME,57.14285714
1010,27/11/2022 15:00:00,FT,Pirates,14,10,17,10,51,HOME,50
1011,26/11/2022 14:55:00,FT,Umoja,7,7,22,12,48,HOME,42.85714286
1013,13/11/2022 14:05:00,FT,Pirates,19,12,13,7,51,HOME,50
1014,06/11/2022 17:30:00,FT,Umoja,9,4,10,14,37,HOME,35.71428571
1015,30/10/2022 16:25:00,FT,Blades,25,13,18,10,66,HOME,64.28571429
1016,29/10/2022 15:00:00,FT,KPA,22,21,17,12,72,HOME,71.42857143
1017,16/10/2022 15:30:00,FT,Blades,14,18,13,16,61,HOME,57.14285714
1018,09/10/2022 15:00:00,FT,Terror,18,19,5,12,54,HOME,50
1019,02/10/2022 16:45:00,FT,NairobiCityThunder,20,14,12,26,72,HOME,71.42857143
1020,02/10/2022 15:00:00,FT,EquityBank,23,18,28,11,80,HOME,78.57142857
1021,02/10/2022 13:15:00,FT,Ulinzi,17,24,24,18,83,HOME,78.57142857
1022,01/10/2022 15:00:00,FT,EquityBank,16,26,13,28,83,HOME,78.57142857
1024,24/09/2022 16:00:00,FT,Pirates,9,8,18,15,50,HOME,50
1025,18/09/2022 16:10:00,FT,ZetechUniversity,14,13,17,23,67,HOME,64.28571429
1027,11/09/2022 16:15:00,FT,ANU,9,11,20,26,66,HOME,64.28571429
1029,04/09/2022 16:25:00,FT,EquityBank,15,5,22,18,60,HOME,57.14285714
1030,04/09/2022 14:50:00,FT,NairobiCityThunder,17,17,17,12,63,HOME,57.14285714
1031,04/09/2022 13:25:00,FT,BaobabBlazers,13,5,13,12,43,HOME,42.85714286
1032,03/09/2022 16:35:00,FT,NairobiCityThunder,14,5,12,20,51,HOME,50
1033,03/09/2022 14:55:00,FT,Blades,21,20,22,13,76,HOME,71.42857143
1035,31/07/2022 16:25:00,FT,Ulinzi,15,18,10,23,66,HOME,64.28571429
1036,31/07/2022 14:15:00,FT,Umoja,14,12,4,21,51,HOME,50
1037,30/07/2022 16:00:00,FT,NairobiCityThunder,12,24,18,19,73,HOME,71.42857143
1038,30/07/2022 14:15:00,FT,Pirates,14,15,22,16,67,HOME,64.28571429
1040,24/07/2022 15:05:00,FT,Pirates,10,19,14,19,62,HOME,57.14285714
1041,24/07/2022 10:05:00,FT,MAB,6,10,24,13,53,HOME,50
1042,23/07/2022 17:30:00,FT,Terror,17,14,25,21,77,HOME,71.42857143
1043,23/07/2022 08:25:00,FT,ABSA,19,20,14,15,68,HOME,64.28571429
1044,17/07/2022 16:25:00,FT,Umoja,12,11,16,7,46,HOME,42.85714286
1045,17/07/2022 14:30:00,FT,Terror,9,22,27,23,81,HOME,78.57142857
1046,16/07/2022 17:10:00,FT,Terror,12,14,6,20,52,HOME,50
1047,16/07/2022 15:35:00,FT,ANU,13,23,18,9,63,HOME,57.14285714
1048,10/07/2022 16:35:00,FT,ANU,12,16,12,17,57,HOME,50
1049,09/07/2022 16:00:00,FT,NairobiCityThunder,10,27,18,10,65,HOME,64.28571429
1050,03/07/2022 16:50:00,FT,EquityBank,23,16,13,15,67,HOME,64.28571429
1051,03/07/2022 15:45:00,FT,ZetechUniversity,9,19,14,16,68,HOME,64.28571429
1052,02/07/2022 16:05:00,FT,Terror,8,12,16,5,41,HOME,35.71428571
1053,02/07/2022 14:30:00,FT,EquityBank,19,14,20,24,77,HOME,71.42857143
1054,02/07/2022 11:00:00,FT,Neosasa,11,17,17,15,60,HOME,57.14285714
1055,26/06/2022 16:10:00,FT,ANU,9,24,22,18,73,HOME,71.42857143
1056,26/06/2022 14:10:00,FT,Umoja,11,8,21,5,45,HOME,42.85714286
1058,25/06/2022 16:25:00,FT,Blades,6,15,11,14,46,HOME,42.85714286
1060,19/06/2022 16:05:00,FT,NairobiCityThunder,24,22,12,16,74,HOME,71.42857143
1062,12/06/2022 16:00:00,FT,ZetechUniversity,6,12,10,20,48,HOME,42.85714286
1063,12/06/2022 14:05:00,FT,Blades,26,18,16,24,84,HOME,78.57142857
1064,05/06/2022 16:30:00,FT,Blades,23,16,16,21,76,HOME,71.42857143
1065,05/06/2022 09:45:00,FT,BaobabBlazers,16,16,19,15,66,HOME,64.28571429
1066,04/06/2022 16:35:00,FT,ZetechUniversity,18,12,10,11,51,HOME,50
1067,04/06/2022 14:45:00,FT,Blades,8,18,28,19,73,HOME,71.42857143
1068,20/02/2022 14:00:00,FT,ANU,16,16,22,2,56,HOME,50
1069,19/02/2022 14:10:00,FT,ZetechUniversity,18,18,20,23,79,HOME,78.57142857
1071,13/02/2022 12:05:00,FT,ANU,23,11,19,15,68,HOME,64.28571429
1072,06/02/2022 16:50:00,FT,Blades,12,22,13,22,69,HOME,64.28571429
1073,06/02/2022 14:40:00,FT,EquityBank,23,13,29,13,78,HOME,71.42857143
1074,06/02/2022 08:40:00,FT,KenyaMorans,21,22,20,21,84,HOME,78.57142857
1075,05/02/2022 16:40:00,FT,KPA,11,21,13,9,54,HOME,50
1076,05/02/2022 14:30:00,FT,Ulinzi,24,8,24,8,64,HOME,57.14285714
1077,05/02/2022 08:30:00,FT,ANU,16,25,19,12,72,HOME,71.42857143
1078,30/01/2022 16:05:00,FT,Terror,6,14,7,18,45,HOME,42.85714286
1079,30/01/2022 14:15:00,FT,Lakeside,13,13,20,21,67,HOME,64.28571429
1080,29/01/2022 16:15:00,FT,KPA,21,22,28,16,87,HOME,85.71428571
1081,29/01/2022 16:10:00,FT,Blades,13,15,19,14,61,HOME,57.14285714
1082,29/01/2022 14:10:00,FT,EquityBank,16,17,17,9,59,HOME,57.14285714
1083,29/01/2022 12:25:00,FT,Ulinzi,19,13,23,22,77,HOME,71.42857143
1084,29/01/2022 08:40:00,FT,Jkuat,21,19,25,22,87,HOME,85.71428571
1085,23/01/2022 16:05:00,FT,EquityBank,16,18,19,14,67,HOME,64.28571429
1086,22/01/2022 16:15:00,FT,NairobiCityThunder,9,5,10,15,39,HOME,35.71428571
1087,22/01/2022 08:50:00,FT,MAB,16,22,18,18,74,HOME,71.42857143
1089,05/12/2021 11:05:00,FT,Shootforlife,12,17,20,11,60,HOME,57.14285714
1090,04/12/2021 11:00:00,FT,Nebulas,20,14,5,24,63,HOME,57.14285714
1091,04/12/2021 09:10:00,FT,Jkuat,19,18,20,26,83,HOME,78.57142857
1092,28/11/2021 16:10:00,FT,NairobiCityThunder,11,17,17,17,62,HOME,57.14285714
1093,28/11/2021 14:10:00,FT,Ulinzi,11,26,15,28,80,HOME,78.57142857
1095,21/11/2021 16:15:00,FT,NairobiCityThunder,16,10,13,19,58,HOME,57.14285714
1096,21/11/2021 14:20:00,FT,KCA-U,4,13,10,11,38,HOME,35.71428571
1097,21/11/2021 11:40:00,FT,KenyaMorans,26,13,10,14,63,HOME,57.14285714
1098,20/11/2021 12:10:00,FT,KCA-U,18,9,8,13,48,HOME,42.85714286
1099,14/11/2021 08:50:00,FT,Jkuat,12,16,14,16,58,HOME,57.14285714
1100,13/11/2021 17:10:00,FT,Terror,14,18,17,11,60,HOME,57.14285714
1101,13/11/2021 09:00:00,FT,MAB,14,10,18,17,59,HOME,57.14285714
1102,07/11/2021 16:35:00,FT,NairobiCityThunder,12,20,13,19,64,HOME,57.14285714
1103,07/11/2021 16:15:00,FT,KPA,27,16,16,31,90,HOME,85.71428571
1104,07/11/2021 14:50:00,FT,Blades,16,12,15,19,62,HOME,57.14285714
1105,07/11/2021 13:35:00,FT,EquityBank,20,13,24,14,71,HOME,64.28571429
1106,07/11/2021 12:45:00,FT,BaobabBlazers,12,13,16,18,59,HOME,57.14285714
1107,06/11/2021 15:30:00,FT,NairobiCityThunder,12,7,18,16,53,HOME,50
1108,06/11/2021 13:50:00,FT,Blades,4,15,15,18,52,HOME,50
1109,06/11/2021 12:10:00,FT,Emyba,8,17,11,15,51,HOME,50
1110,06/11/2021 09:00:00,FT,KenyaMorans,6,12,24,7,49,HOME,42.85714286
1111,31/10/2021 17:15:00,FT,Blades,13,15,11,19,58,HOME,57.14285714
1112,31/10/2021 15:40:00,FT,EquityBank,14,19,17,19,69,HOME,64.28571429
1113,31/10/2021 08:45:00,FT,Jkuat,13,21,17,30,81,HOME,78.57142857
1114,30/10/2021 16:30:00,FT,EquityBank,19,10,14,27,70,HOME,64.28571429
1115,24/10/2021 16:05:00,FT,EquityBank,10,13,21,13,57,HOME,50
1116,24/10/2021 10:55:00,FT,Blades,14,25,21,11,71,HOME,64.28571429
1118,23/10/2021 12:00:00,FT,Umoja,11,12,14,6,43,HOME,42.85714286
1120,10/10/2021 15:05:00,FT,Pirates,11,13,23,16,63,HOME,57.14285714
1121,03/10/2021 14:20:00,FT,Terror,22,6,10,15,53,HOME,50
1122,03/10/2021 08:55:00,FT,Neosasa,11,13,24,12,60,HOME,57.14285714
1123,19/09/2021 14:05:00,FT,Terror,11,10,10,4,35,HOME,28.57142857
1129,13/03/2021 17:45:00,FT,KCA-U,15,4,10,13,42,HOME,35.71428571
1000,05/03/2023 16:45:00,FT,Terror,10,13,15,14,52,AWAY,50
1001,12/02/2023 17:30:00,FT,Eldonets,18,18,14,12,62,AWAY,57.14285714
1002,05/02/2023 17:35:00,FT,ANU,3,14,15,13,45,AWAY,42.85714286
1003,05/02/2023 15:30:00,FT,Umoja,17,16,4,10,47,AWAY,42.85714286
1004,29/01/2023 16:30:00,FT,Lakeside,17,14,5,16,52,AWAY,50
1005,22/01/2023 16:10:00,FT,EquityBank,19,15,9,19,62,AWAY,57.14285714
1006,21/01/2023 16:00:00,FT,Ulinzi,11,21,9,15,56,AWAY,50
1007,11/12/2022 16:40:00,FT,Blades,11,16,11,18,56,AWAY,50
1008,11/12/2022 14:40:00,FT,Ulinzi,7,16,8,24,55,AWAY,50
1009,27/11/2022 17:00:00,FT,EquityBank,20,16,25,12,73,AWAY,71.42857143
1010,27/11/2022 15:00:00,FT,Ulinzi,10,18,23,16,67,AWAY,64.28571429
1011,26/11/2022 14:55:00,FT,ZetechUniversity,7,17,8,9,41,AWAY,35.71428571
1013,13/11/2022 14:05:00,FT,Blades,16,11,18,14,59,AWAY,57.14285714
1014,06/11/2022 17:30:00,FT,NairobiCityThunder,16,17,17,15,65,AWAY,64.28571429
1015,30/10/2022 16:25:00,FT,Terror,16,12,5,19,52,AWAY,50
1016,29/10/2022 15:00:00,FT,Pirates,10,10,19,22,61,AWAY,57.14285714
1017,16/10/2022 15:30:00,FT,ZetechUniversity,15,14,17,9,55,AWAY,50
1018,09/10/2022 15:00:00,FT,Umoja,9,8,10,22,49,AWAY,42.85714286
1019,02/10/2022 16:45:00,FT,Pirates,18,14,19,12,63,AWAY,57.14285714
1020,02/10/2022 15:00:00,FT,Eldonets,7,13,15,13,48,AWAY,42.85714286
1021,02/10/2022 13:15:00,FT,Lakeside,9,16,14,22,61,AWAY,57.14285714
1022,01/10/2022 15:00:00,FT,Lakeside,13,22,12,10,57,AWAY,50
1024,24/09/2022 16:00:00,FT,Blades,16,10,25,12,63,AWAY,57.14285714
1025,18/09/2022 16:10:00,FT,Terror,24,19,18,17,78,AWAY,71.42857143
1027,11/09/2022 16:15:00,FT,EquityBank,29,16,15,12,72,AWAY,71.42857143
1029,04/09/2022 16:25:00,FT,KPA,14,20,18,27,79,AWAY,78.57142857
1030,04/09/2022 14:50:00,FT,Lakeside,10,12,16,8,46,AWAY,42.85714286
1031,04/09/2022 13:25:00,FT,Blades,21,16,19,12,68,AWAY,64.28571429
1032,03/09/2022 16:35:00,FT,KPA,12,15,23,19,69,AWAY,64.28571429
1033,03/09/2022 14:55:00,FT,Lakeside,5,16,11,10,42,AWAY,35.71428571
1035,31/07/2022 16:25:00,FT,ANU,12,16,10,13,51,AWAY,50
1036,31/07/2022 14:15:00,FT,Pirates,15,14,20,13,62,AWAY,57.14285714
1037,30/07/2022 16:00:00,FT,Terror,20,14,16,16,66,AWAY,64.28571429
1038,30/07/2022 14:15:00,FT,EquityBank,19,20,18,26,83,AWAY,78.57142857
1040,24/07/2022 15:05:00,FT,Eldonets,16,12,29,16,73,AWAY,71.42857143
1041,24/07/2022 10:05:00,FT,Shootforlife,18,19,7,7,51,AWAY,50
1042,23/07/2022 17:30:00,FT,Eldonets,16,16,17,16,65,AWAY,64.28571429
1043,23/07/2022 08:25:00,FT,Shootforlife,13,15,18,16,62,AWAY,57.14285714
1044,17/07/2022 16:25:00,FT,KPA,11,14,13,19,57,AWAY,50
1045,17/07/2022 14:30:00,FT,Lakeside,11,12,12,11,46,AWAY,42.85714286
1046,16/07/2022 17:10:00,FT,KPA,16,19,11,16,62,AWAY,57.14285714
1047,16/07/2022 15:35:00,FT,Lakeside,6,8,8,8,30,AWAY,28.57142857
1048,10/07/2022 16:35:00,FT,Terror,14,16,10,7,47,AWAY,42.85714286
1049,09/07/2022 16:00:00,FT,Umoja,19,27,11,9,66,AWAY,64.28571429
1050,03/07/2022 16:50:00,FT,Terror,10,14,8,14,46,AWAY,42.85714286
1051,03/07/2022 15:45:00,FT,Umoja,9,14,24,11,77,AWAY,71.42857143
1052,02/07/2022 16:05:00,FT,Ulinzi,15,10,9,13,47,AWAY,42.85714286
1053,02/07/2022 14:30:00,FT,ZetechUniversity,13,14,10,21,58,AWAY,57.14285714
1054,02/07/2022 11:00:00,FT,KCA-U,11,11,13,18,53,AWAY,50
1055,26/06/2022 16:10:00,FT,KPA,10,21,18,14,63,AWAY,57.14285714
1056,26/06/2022 14:10:00,FT,EquityBank,9,16,11,16,52,AWAY,50
1058,25/06/2022 16:25:00,FT,KPA,14,17,14,9,54,AWAY,50
1060,19/06/2022 16:05:00,FT,ANU,16,21,14,15,66,AWAY,64.28571429
1062,12/06/2022 16:00:00,FT,ANU,14,12,14,21,61,AWAY,57.14285714
1063,12/06/2022 14:05:00,FT,Eldonets,8,5,28,11,52,AWAY,50
1064,05/06/2022 16:30:00,FT,NairobiCityThunder,26,13,14,16,69,AWAY,64.28571429
1065,05/06/2022 09:45:00,FT,Jkuat,17,21,28,24,90,AWAY,85.71428571
1066,04/06/2022 16:35:00,FT,Ulinzi,20,11,19,21,71,AWAY,64.28571429
1067,04/06/2022 14:45:00,FT,Umoja,18,18,8,21,65,AWAY,64.28571429
1068,20/02/2022 14:00:00,FT,ZetechUniversity,15,28,19,4,66,AWAY,64.28571429
1069,19/02/2022 14:10:00,FT,ANU,19,13,15,26,73,AWAY,71.42857143
1071,13/02/2022 12:05:00,FT,KenyaMorans,14,23,16,13,66,AWAY,64.28571429
1072,06/02/2022 16:50:00,FT,Ulinzi,15,15,30,19,79,AWAY,78.57142857
1073,06/02/2022 14:40:00,FT,KPA,15,21,14,16,66,AWAY,64.28571429
1074,06/02/2022 08:40:00,FT,ANU,22,23,18,24,87,AWAY,85.71428571
1075,05/02/2022 16:40:00,FT,EquityBank,13,16,17,18,64,AWAY,57.14285714
1076,05/02/2022 14:30:00,FT,Blades,14,12,16,7,49,AWAY,42.85714286
1077,05/02/2022 08:30:00,FT,KenyaMorans,12,13,8,21,54,AWAY,50
1078,30/01/2022 16:05:00,FT,EquityBank,23,21,12,22,78,AWAY,71.42857143
1079,30/01/2022 14:15:00,FT,Ulinzi,21,28,18,19,86,AWAY,85.71428571
1080,29/01/2022 16:15:00,FT,Eldonets,8,19,13,13,53,AWAY,50
1081,29/01/2022 16:10:00,FT,NairobiCityThunder,5,14,16,18,53,AWAY,50
1082,29/01/2022 14:10:00,FT,Terror,13,10,8,4,35,AWAY,28.57142857
1083,29/01/2022 12:25:00,FT,Lakeside,13,6,17,21,57,AWAY,50
1084,29/01/2022 08:40:00,FT,KisiiRaptors,11,20,9,17,57,AWAY,50
1085,23/01/2022 16:05:00,FT,Terror,16,14,15,26,71,AWAY,64.28571429
1086,22/01/2022 16:15:00,FT,Blades,18,16,15,19,68,AWAY,64.28571429
1087,22/01/2022 08:50:00,FT,Mustangs,16,17,15,14,62,AWAY,57.14285714
1089,05/12/2021 11:05:00,FT,BaobabBlazers,12,13,9,25,59,AWAY,57.14285714
1090,04/12/2021 11:00:00,FT,BaobabBlazers,17,14,11,13,55,AWAY,50
1091,04/12/2021 09:10:00,FT,Shootforlife,18,13,14,16,61,AWAY,57.14285714
1092,28/11/2021 16:10:00,FT,KCA-U,8,7,8,12,35,AWAY,28.57142857
1093,28/11/2021 14:10:00,FT,Lakeside,14,18,18,20,70,AWAY,64.28571429
1095,21/11/2021 16:15:00,FT,Blades,13,9,20,12,54,AWAY,50
1096,21/11/2021 14:20:00,FT,Emyba,19,13,6,21,59,AWAY,57.14285714
1097,21/11/2021 11:40:00,FT,CoastalKings,17,16,12,20,65,AWAY,64.28571429
1098,20/11/2021 12:10:00,FT,Umoja,16,20,5,17,58,AWAY,57.14285714
1099,14/11/2021 08:50:00,FT,BaobabBlazers,13,10,21,12,56,AWAY,50
1100,13/11/2021 17:10:00,FT,Pirates,17,16,18,21,72,AWAY,71.42857143
1101,13/11/2021 09:00:00,FT,BaobabBlazers,4,13,18,17,52,AWAY,50
1102,07/11/2021 16:35:00,FT,Ulinzi,13,16,8,19,56,AWAY,50
1103,07/11/2021 16:15:00,FT,Lakeside,15,16,15,16,62,AWAY,57.14285714
1104,07/11/2021 14:50:00,FT,Eldonets,8,11,26,14,59,AWAY,57.14285714
1105,07/11/2021 13:35:00,FT,Emyba,6,2,12,21,41,AWAY,35.71428571
1106,07/11/2021 12:45:00,FT,KisiiRaptors,23,20,2,26,71,AWAY,64.28571429
1107,06/11/2021 15:30:00,FT,Eldonets,9,15,14,4,42,AWAY,35.71428571
1108,06/11/2021 13:50:00,FT,Ulinzi,18,15,12,19,64,AWAY,57.14285714
1109,06/11/2021 12:10:00,FT,Pirates,14,11,25,19,69,AWAY,64.28571429
1110,06/11/2021 09:00:00,FT,ZetechUniversity,18,16,19,14,67,AWAY,64.28571429
1111,31/10/2021 17:15:00,FT,Terror,9,21,15,9,54,AWAY,50
1112,31/10/2021 15:40:00,FT,Emyba,16,12,6,13,47,AWAY,42.85714286
1113,31/10/2021 08:45:00,FT,LittlePrince,9,10,11,6,36,AWAY,35.71428571
1114,30/10/2021 16:30:00,FT,Blades,18,13,12,18,61,AWAY,57.14285714
1115,24/10/2021 16:05:00,FT,KPA,10,13,17,23,63,AWAY,57.14285714
1116,24/10/2021 10:55:00,FT,Lakeside,15,14,9,28,66,AWAY,64.28571429
1118,23/10/2021 12:00:00,FT,Lakeside,10,9,20,8,47,AWAY,42.85714286
1120,10/10/2021 15:05:00,FT,NairobiCityThunder,17,7,22,35,81,AWAY,78.57142857
1121,03/10/2021 14:20:00,FT,Ulinzi,11,4,16,25,56,AWAY,50
1122,03/10/2021 08:55:00,FT,Mustangs,12,14,11,18,55,AWAY,50
1123,19/09/2021 14:05:00,FT,EquityBank,13,22,24,9,68,AWAY,64.28571429
1129,13/03/2021 17:45:00,FT,Ulinzi,28,22,18,28,96,AWAY,92.85714286
